image_id,image_url,image_description,room_id
1,https://hrsf128hotelphotos.s3-us-west-2.amazonaws.com/image0059.jpg,Sequi consequatur iste quo voluptatem.,1
2,https://hrsf128hotelphotos.s3-us-west-2.amazonaws.com/image0793.jpg,Excepturi officiis et ut iusto.,1
3,https://hrsf128hotelphotos.s3-us-west-2.amazonaws.com/image0427.jpg,Nulla molestiae architecto libero temporibus.,1
4,https://hrsf128hotelphotos.s3-us-west-2.amazonaws.com/image0114.jpg,Et ut non nostrum nobis.,1
5,https://hrsf128hotelphotos.s3-us-west-2.amazonaws.com/image0256.jpg,Temporibus voluptas esse voluptatibus veritatis.,1
6,https://hrsf128hotelphotos.s3-us-west-2.amazonaws.com/image0399.jpg,Asperiores quos pariatur ut pariatur.,1
7,https://hrsf128hotelphotos.s3-us-west-2.amazonaws.com/image0780.jpg,Vero commodi a accusantium id.,1
8,https://hrsf128hotelphotos.s3-us-west-2.amazonaws.com/image0611.jpg,Ut perferendis sint aliquam quia.,1
9,https://hrsf128hotelphotos.s3-us-west-2.amazonaws.com/image0933.jpg,Modi facilis unde autem nihil.,1
10,https://hrsf128hotelphotos.s3-us-west-2.amazonaws.com/image0893.jpg,Rem corrupti officiis dignissimos animi.,2
11,https://hrsf128hotelphotos.s3-us-west-2.amazonaws.com/image0571.jpg,Praesentium rerum itaque sit omnis.,2
12,https://hrsf128hotelphotos.s3-us-west-2.amazonaws.com/image0239.jpg,Dolorem tenetur velit repudiandae quam.,2
13,https://hrsf128hotelphotos.s3-us-west-2.amazonaws.com/image0798.jpg,Error cumque voluptatem quia veniam.,2
14,https://hrsf128hotelphotos.s3-us-west-2.amazonaws.com/image0033.jpg,Ab non eos commodi iure.,2
15,https://hrsf128hotelphotos.s3-us-west-2.amazonaws.com/image0801.jpg,Et qui corporis quos veritatis.,2
16,https://hrsf128hotelphotos.s3-us-west-2.amazonaws.com/image0849.jpg,Cum deleniti enim rem at.,3
17,https://hrsf128hotelphotos.s3-us-west-2.amazonaws.com/image0870.jpg,Est alias possimus voluptatibus cum.,3
18,https://hrsf128hotelphotos.s3-us-west-2.amazonaws.com/image0033.jpg,Nostrum earum itaque praesentium quae.,3
19,https://hrsf128hotelphotos.s3-us-west-2.amazonaws.com/image0611.jpg,Omnis ab eum qui sunt.,3
20,https://hrsf128hotelphotos.s3-us-west-2.amazonaws.com/image0025.jpg,Molestiae minima dolorem animi inventore.,3
21,https://hrsf128hotelphotos.s3-us-west-2.amazonaws.com/image0738.jpg,Neque voluptate earum sed vel.,3
22,https://hrsf128hotelphotos.s3-us-west-2.amazonaws.com/image0435.jpg,Officiis delectus saepe accusamus sit.,3
23,https://hrsf128hotelphotos.s3-us-west-2.amazonaws.com/image0088.jpg,Omnis officia consequuntur architecto quam.,4
24,https://hrsf128hotelphotos.s3-us-west-2.amazonaws.com/image0519.jpg,Nesciunt est quisquam optio sapiente.,4
25,https://hrsf128hotelphotos.s3-us-west-2.amazonaws.com/image0937.jpg,Et omnis ea et consequatur.,4
26,https://hrsf128hotelphotos.s3-us-west-2.amazonaws.com/image0398.jpg,Eum dicta culpa iusto nobis.,4
27,https://hrsf128hotelphotos.s3-us-west-2.amazonaws.com/image0425.jpg,Voluptatibus reprehenderit magnam voluptas blanditiis.,4
28,https://hrsf128hotelphotos.s3-us-west-2.amazonaws.com/image0043.jpg,Velit dignissimos delectus sit qui.,4
29,https://hrsf128hotelphotos.s3-us-west-2.amazonaws.com/image0744.jpg,Consequatur corporis sed et illum.,4
30,https://hrsf128hotelphotos.s3-us-west-2.amazonaws.com/image0317.jpg,Et vitae nobis et sint.,4
31,https://hrsf128hotelphotos.s3-us-west-2.amazonaws.com/image0843.jpg,Voluptatem et tempora ut corrupti.,4
32,https://hrsf128hotelphotos.s3-us-west-2.amazonaws.com/image0997.jpg,Sint recusandae nihil quia fugiat.,5
33,https://hrsf128hotelphotos.s3-us-west-2.amazonaws.com/image0666.jpg,Occaecati fugiat consequuntur quia delectus.,5
34,https://hrsf128hotelphotos.s3-us-west-2.amazonaws.com/image0466.jpg,Quia voluptatem repellat architecto quas.,5
35,https://hrsf128hotelphotos.s3-us-west-2.amazonaws.com/image0800.jpg,Voluptates omnis illo ea veniam.,5
36,https://hrsf128hotelphotos.s3-us-west-2.amazonaws.com/image0763.jpg,Iure molestiae blanditiis earum necessitatibus.,5
37,https://hrsf128hotelphotos.s3-us-west-2.amazonaws.com/image0440.jpg,Quia rerum cum aliquam cumque.,5
38,https://hrsf128hotelphotos.s3-us-west-2.amazonaws.com/image0428.jpg,Molestiae est minus id laudantium.,5
39,https://hrsf128hotelphotos.s3-us-west-2.amazonaws.com/image0144.jpg,Mollitia ut doloremque sit aut.,6
40,https://hrsf128hotelphotos.s3-us-west-2.amazonaws.com/image0935.jpg,Velit labore accusantium perspiciatis quia.,6
41,https://hrsf128hotelphotos.s3-us-west-2.amazonaws.com/image0450.jpg,Est provident nobis excepturi expedita.,6
42,https://hrsf128hotelphotos.s3-us-west-2.amazonaws.com/image0224.jpg,Aperiam veritatis est magni dicta.,6
43,https://hrsf128hotelphotos.s3-us-west-2.amazonaws.com/image0803.jpg,Labore dolor deserunt voluptatem quia.,6
44,https://hrsf128hotelphotos.s3-us-west-2.amazonaws.com/image0157.jpg,Veritatis dicta similique voluptatibus sed.,6
45,https://hrsf128hotelphotos.s3-us-west-2.amazonaws.com/image0954.jpg,Numquam optio qui at quo.,6
46,https://hrsf128hotelphotos.s3-us-west-2.amazonaws.com/image0899.jpg,Iste repellendus magni nam et.,7
47,https://hrsf128hotelphotos.s3-us-west-2.amazonaws.com/image0079.jpg,Perspiciatis quaerat in et voluptatem.,7
48,https://hrsf128hotelphotos.s3-us-west-2.amazonaws.com/image0816.jpg,Molestiae quod sed est quaerat.,7
49,https://hrsf128hotelphotos.s3-us-west-2.amazonaws.com/image0992.jpg,Non non dolores dolorem sit.,7
50,https://hrsf128hotelphotos.s3-us-west-2.amazonaws.com/image0559.jpg,Iure alias quos qui rerum.,7
51,https://hrsf128hotelphotos.s3-us-west-2.amazonaws.com/image0715.jpg,Optio saepe est omnis deleniti.,8
52,https://hrsf128hotelphotos.s3-us-west-2.amazonaws.com/image0458.jpg,Perferendis explicabo excepturi error incidunt.,8
53,https://hrsf128hotelphotos.s3-us-west-2.amazonaws.com/image0186.jpg,Quae delectus quis beatae ad.,8
54,https://hrsf128hotelphotos.s3-us-west-2.amazonaws.com/image0724.jpg,Dolorem qui vel reprehenderit numquam.,8
55,https://hrsf128hotelphotos.s3-us-west-2.amazonaws.com/image0849.jpg,Dicta omnis quo quibusdam necessitatibus.,8
56,https://hrsf128hotelphotos.s3-us-west-2.amazonaws.com/image0390.jpg,Temporibus recusandae beatae repudiandae beatae.,8
57,https://hrsf128hotelphotos.s3-us-west-2.amazonaws.com/image0991.jpg,Quae sunt eum magni dolor.,8
58,https://hrsf128hotelphotos.s3-us-west-2.amazonaws.com/image0120.jpg,Ut qui harum accusantium consequatur.,8
59,https://hrsf128hotelphotos.s3-us-west-2.amazonaws.com/image0656.jpg,Doloremque et dolorem voluptas quibusdam.,9
60,https://hrsf128hotelphotos.s3-us-west-2.amazonaws.com/image0379.jpg,Ut molestias eos soluta delectus.,9
61,https://hrsf128hotelphotos.s3-us-west-2.amazonaws.com/image0212.jpg,Fuga voluptatibus sunt optio amet.,9
62,https://hrsf128hotelphotos.s3-us-west-2.amazonaws.com/image0224.jpg,Natus voluptas omnis maxime suscipit.,9
63,https://hrsf128hotelphotos.s3-us-west-2.amazonaws.com/image0620.jpg,Amet odit rerum dignissimos ut.,9
64,https://hrsf128hotelphotos.s3-us-west-2.amazonaws.com/image0867.jpg,Voluptatem voluptatem est aliquid perspiciatis.,10
65,https://hrsf128hotelphotos.s3-us-west-2.amazonaws.com/image0814.jpg,Est qui ut ut facilis.,10
66,https://hrsf128hotelphotos.s3-us-west-2.amazonaws.com/image0161.jpg,Iste adipisci tenetur inventore et.,10
67,https://hrsf128hotelphotos.s3-us-west-2.amazonaws.com/image0390.jpg,Assumenda est consequuntur eius rerum.,10
68,https://hrsf128hotelphotos.s3-us-west-2.amazonaws.com/image0245.jpg,Illo minima aut consequuntur voluptatem.,10
69,https://hrsf128hotelphotos.s3-us-west-2.amazonaws.com/image0161.jpg,Omnis dolor quam temporibus et.,10
