room_id,user_id,room_name,city,state,room_photos,save_status
1,1,Explicabo accusantium eos fugit.,Gleasonview,ND,"[{""image_id"":1,""image_url"":""https://hrsf128hotelphotos.s3-us-west-2.amazonaws.com/image0331.jpg"",""image_description"":""Quibusdam placeat nemo similique fugit.""},{""image_id"":2,""image_url"":""https://hrsf128hotelphotos.s3-us-west-2.amazonaws.com/image0274.jpg"",""image_description"":""Veniam omnis natus et ea.""},{""image_id"":3,""image_url"":""https://hrsf128hotelphotos.s3-us-west-2.amazonaws.com/image0241.jpg"",""image_description"":""A voluptatem debitis qui eveniet.""},{""image_id"":4,""image_url"":""https://hrsf128hotelphotos.s3-us-west-2.amazonaws.com/image0794.jpg"",""image_description"":""Eum ipsam ea ut consequatur.""},{""image_id"":5,""image_url"":""https://hrsf128hotelphotos.s3-us-west-2.amazonaws.com/image0910.jpg"",""image_description"":""Dolores provident nemo nihil sint.""},{""image_id"":6,""image_url"":""https://hrsf128hotelphotos.s3-us-west-2.amazonaws.com/image0449.jpg"",""image_description"":""Quis consectetur tempore et ad.""},{""image_id"":7,""image_url"":""https://hrsf128hotelphotos.s3-us-west-2.amazonaws.com/image0852.jpg"",""image_description"":""Id numquam omnis quibusdam fugit.""}]","[{""list_id"":1,""list_name"":""bleeding-edge seize networks"",""saved"":true}]"
2,2,Quae ad est et.,South Nealton,SC,"[{""image_id"":1,""image_url"":""https://hrsf128hotelphotos.s3-us-west-2.amazonaws.com/image0947.jpg"",""image_description"":""Neque aut aliquam et provident.""},{""image_id"":2,""image_url"":""https://hrsf128hotelphotos.s3-us-west-2.amazonaws.com/image0568.jpg"",""image_description"":""Dolorum nihil nulla nam consequatur.""},{""image_id"":3,""image_url"":""https://hrsf128hotelphotos.s3-us-west-2.amazonaws.com/image0044.jpg"",""image_description"":""Magni ipsam ipsum consequuntur nostrum.""},{""image_id"":4,""image_url"":""https://hrsf128hotelphotos.s3-us-west-2.amazonaws.com/image0922.jpg"",""image_description"":""Sint qui fuga quidem asperiores.""},{""image_id"":5,""image_url"":""https://hrsf128hotelphotos.s3-us-west-2.amazonaws.com/image0405.jpg"",""image_description"":""Harum vel rerum eius eum.""},{""image_id"":6,""image_url"":""https://hrsf128hotelphotos.s3-us-west-2.amazonaws.com/image0200.jpg"",""image_description"":""Velit cupiditate doloremque pariatur amet.""},{""image_id"":7,""image_url"":""https://hrsf128hotelphotos.s3-us-west-2.amazonaws.com/image0813.jpg"",""image_description"":""Possimus aut id ut ut.""},{""image_id"":8,""image_url"":""https://hrsf128hotelphotos.s3-us-west-2.amazonaws.com/image0449.jpg"",""image_description"":""Maiores a ratione mollitia id.""}]","[{""list_id"":2,""list_name"":""distributed harness web services"",""saved"":true}]"
3,3,Aut nostrum eligendi et.,Lake Nevamouth,DE,"[{""image_id"":1,""image_url"":""https://hrsf128hotelphotos.s3-us-west-2.amazonaws.com/image0971.jpg"",""image_description"":""Sapiente quas consequatur occaecati qui.""},{""image_id"":2,""image_url"":""https://hrsf128hotelphotos.s3-us-west-2.amazonaws.com/image0132.jpg"",""image_description"":""Quidem quia a enim ut.""},{""image_id"":3,""image_url"":""https://hrsf128hotelphotos.s3-us-west-2.amazonaws.com/image0572.jpg"",""image_description"":""Doloremque repudiandae odio fugit possimus.""},{""image_id"":4,""image_url"":""https://hrsf128hotelphotos.s3-us-west-2.amazonaws.com/image0647.jpg"",""image_description"":""Excepturi harum accusantium rerum sed.""},{""image_id"":5,""image_url"":""https://hrsf128hotelphotos.s3-us-west-2.amazonaws.com/image0184.jpg"",""image_description"":""Voluptatem eveniet cumque velit qui.""},{""image_id"":6,""image_url"":""https://hrsf128hotelphotos.s3-us-west-2.amazonaws.com/image0866.jpg"",""image_description"":""Sed maxime explicabo laboriosam dolorem.""},{""image_id"":7,""image_url"":""https://hrsf128hotelphotos.s3-us-west-2.amazonaws.com/image0326.jpg"",""image_description"":""Est ut quis inventore expedita.""}]","[{""list_id"":3,""list_name"":""bleeding-edge reinvent interfaces"",""saved"":true}]"
4,4,Magni suscipit consectetur magni.,Millerville,AL,"[{""image_id"":1,""image_url"":""https://hrsf128hotelphotos.s3-us-west-2.amazonaws.com/image0296.jpg"",""image_description"":""Dolor autem et autem tempora.""},{""image_id"":2,""image_url"":""https://hrsf128hotelphotos.s3-us-west-2.amazonaws.com/image0862.jpg"",""image_description"":""Nulla itaque et earum eveniet.""},{""image_id"":3,""image_url"":""https://hrsf128hotelphotos.s3-us-west-2.amazonaws.com/image0839.jpg"",""image_description"":""Natus et libero sed iure.""},{""image_id"":4,""image_url"":""https://hrsf128hotelphotos.s3-us-west-2.amazonaws.com/image0616.jpg"",""image_description"":""Ab illum quia iusto voluptatem.""},{""image_id"":5,""image_url"":""https://hrsf128hotelphotos.s3-us-west-2.amazonaws.com/image0619.jpg"",""image_description"":""Temporibus dolor reiciendis et nostrum.""},{""image_id"":6,""image_url"":""https://hrsf128hotelphotos.s3-us-west-2.amazonaws.com/image0770.jpg"",""image_description"":""Est est architecto quis laboriosam.""},{""image_id"":7,""image_url"":""https://hrsf128hotelphotos.s3-us-west-2.amazonaws.com/image0963.jpg"",""image_description"":""Perferendis autem nihil consequatur ipsa.""},{""image_id"":8,""image_url"":""https://hrsf128hotelphotos.s3-us-west-2.amazonaws.com/image0418.jpg"",""image_description"":""Cum ut incidunt ut minima.""}]","[{""list_id"":4,""list_name"":""efficient morph e-business"",""saved"":false}]"
5,5,Quasi expedita rerum velit.,Kreigerfurt,AK,"[{""image_id"":1,""image_url"":""https://hrsf128hotelphotos.s3-us-west-2.amazonaws.com/image0382.jpg"",""image_description"":""Harum sapiente in nobis est.""},{""image_id"":2,""image_url"":""https://hrsf128hotelphotos.s3-us-west-2.amazonaws.com/image0240.jpg"",""image_description"":""Voluptatem a id unde inventore.""},{""image_id"":3,""image_url"":""https://hrsf128hotelphotos.s3-us-west-2.amazonaws.com/image0828.jpg"",""image_description"":""Nulla recusandae perspiciatis modi modi.""},{""image_id"":4,""image_url"":""https://hrsf128hotelphotos.s3-us-west-2.amazonaws.com/image0297.jpg"",""image_description"":""Expedita consequatur id cum rerum.""},{""image_id"":5,""image_url"":""https://hrsf128hotelphotos.s3-us-west-2.amazonaws.com/image0437.jpg"",""image_description"":""Nihil inventore hic nobis voluptates.""},{""image_id"":6,""image_url"":""https://hrsf128hotelphotos.s3-us-west-2.amazonaws.com/image0847.jpg"",""image_description"":""Quod perspiciatis quam aliquid enim.""},{""image_id"":7,""image_url"":""https://hrsf128hotelphotos.s3-us-west-2.amazonaws.com/image0504.jpg"",""image_description"":""Dolores temporibus nostrum quo non.""},{""image_id"":8,""image_url"":""https://hrsf128hotelphotos.s3-us-west-2.amazonaws.com/image0608.jpg"",""image_description"":""Aut architecto minus veritatis error.""}]","[{""list_id"":5,""list_name"":""open-source enable content"",""saved"":false}]"
6,6,Aliquam deserunt dicta laudantium.,Mateoville,NJ,"[{""image_id"":1,""image_url"":""https://hrsf128hotelphotos.s3-us-west-2.amazonaws.com/image0473.jpg"",""image_description"":""Voluptate culpa voluptate voluptatibus asperiores.""},{""image_id"":2,""image_url"":""https://hrsf128hotelphotos.s3-us-west-2.amazonaws.com/image0990.jpg"",""image_description"":""Aliquam iure velit est sunt.""},{""image_id"":3,""image_url"":""https://hrsf128hotelphotos.s3-us-west-2.amazonaws.com/image0792.jpg"",""image_description"":""Eveniet ut praesentium in aut.""},{""image_id"":4,""image_url"":""https://hrsf128hotelphotos.s3-us-west-2.amazonaws.com/image0519.jpg"",""image_description"":""Cum vitae illum inventore inventore.""},{""image_id"":5,""image_url"":""https://hrsf128hotelphotos.s3-us-west-2.amazonaws.com/image0620.jpg"",""image_description"":""Dolor laudantium ea fugiat enim.""},{""image_id"":6,""image_url"":""https://hrsf128hotelphotos.s3-us-west-2.amazonaws.com/image0256.jpg"",""image_description"":""Recusandae itaque voluptates suscipit sequi.""},{""image_id"":7,""image_url"":""https://hrsf128hotelphotos.s3-us-west-2.amazonaws.com/image0651.jpg"",""image_description"":""Fuga animi et est velit.""}]","[{""list_id"":6,""list_name"":""rich utilize channels"",""saved"":true}]"
7,7,Mollitia blanditiis vero aut.,Armaniburgh,KS,"[{""image_id"":1,""image_url"":""https://hrsf128hotelphotos.s3-us-west-2.amazonaws.com/image0945.jpg"",""image_description"":""Enim et officiis molestiae quaerat.""},{""image_id"":2,""image_url"":""https://hrsf128hotelphotos.s3-us-west-2.amazonaws.com/image0511.jpg"",""image_description"":""Rerum suscipit incidunt saepe soluta.""},{""image_id"":3,""image_url"":""https://hrsf128hotelphotos.s3-us-west-2.amazonaws.com/image0404.jpg"",""image_description"":""Magni consequatur dignissimos ut maxime.""},{""image_id"":4,""image_url"":""https://hrsf128hotelphotos.s3-us-west-2.amazonaws.com/image0590.jpg"",""image_description"":""Dolor error suscipit qui accusamus.""},{""image_id"":5,""image_url"":""https://hrsf128hotelphotos.s3-us-west-2.amazonaws.com/image0574.jpg"",""image_description"":""Voluptatem est commodi voluptas quibusdam.""},{""image_id"":6,""image_url"":""https://hrsf128hotelphotos.s3-us-west-2.amazonaws.com/image0946.jpg"",""image_description"":""Aut repellendus sapiente tenetur in.""},{""image_id"":7,""image_url"":""https://hrsf128hotelphotos.s3-us-west-2.amazonaws.com/image0382.jpg"",""image_description"":""Eum voluptas sint sed dicta.""},{""image_id"":8,""image_url"":""https://hrsf128hotelphotos.s3-us-west-2.amazonaws.com/image0432.jpg"",""image_description"":""In ratione facere recusandae repellendus.""}]","[{""list_id"":7,""list_name"":""scalable innovate web-readiness"",""saved"":true}]"
8,8,Velit quis quis voluptatem.,East Rosemarieville,GA,"[{""image_id"":1,""image_url"":""https://hrsf128hotelphotos.s3-us-west-2.amazonaws.com/image0883.jpg"",""image_description"":""Rem eveniet veniam quo laudantium.""},{""image_id"":2,""image_url"":""https://hrsf128hotelphotos.s3-us-west-2.amazonaws.com/image0814.jpg"",""image_description"":""Maxime in sapiente ab ad.""},{""image_id"":3,""image_url"":""https://hrsf128hotelphotos.s3-us-west-2.amazonaws.com/image0246.jpg"",""image_description"":""Aspernatur sit animi amet voluptate.""},{""image_id"":4,""image_url"":""https://hrsf128hotelphotos.s3-us-west-2.amazonaws.com/image0305.jpg"",""image_description"":""Voluptas ratione placeat vitae earum.""},{""image_id"":5,""image_url"":""https://hrsf128hotelphotos.s3-us-west-2.amazonaws.com/image0397.jpg"",""image_description"":""In ab ullam sunt repellendus.""},{""image_id"":6,""image_url"":""https://hrsf128hotelphotos.s3-us-west-2.amazonaws.com/image0420.jpg"",""image_description"":""Nobis dolorem voluptatibus ipsum est.""},{""image_id"":7,""image_url"":""https://hrsf128hotelphotos.s3-us-west-2.amazonaws.com/image0761.jpg"",""image_description"":""Earum minus qui saepe non.""},{""image_id"":8,""image_url"":""https://hrsf128hotelphotos.s3-us-west-2.amazonaws.com/image0407.jpg"",""image_description"":""Dolor quidem ut adipisci nostrum.""},{""image_id"":9,""image_url"":""https://hrsf128hotelphotos.s3-us-west-2.amazonaws.com/image0271.jpg"",""image_description"":""Inventore aut ut voluptas tempore.""}]","[{""list_id"":8,""list_name"":""dynamic enhance e-tailers"",""saved"":false}]"
9,9,Doloremque ullam aut sapiente.,Oralbury,ME,"[{""image_id"":1,""image_url"":""https://hrsf128hotelphotos.s3-us-west-2.amazonaws.com/image0952.jpg"",""image_description"":""Et quos debitis aut nisi.""},{""image_id"":2,""image_url"":""https://hrsf128hotelphotos.s3-us-west-2.amazonaws.com/image0917.jpg"",""image_description"":""Id iusto sed et odit.""},{""image_id"":3,""image_url"":""https://hrsf128hotelphotos.s3-us-west-2.amazonaws.com/image0450.jpg"",""image_description"":""Laboriosam sit exercitationem et iusto.""},{""image_id"":4,""image_url"":""https://hrsf128hotelphotos.s3-us-west-2.amazonaws.com/image0383.jpg"",""image_description"":""Quaerat assumenda vel nobis adipisci.""},{""image_id"":5,""image_url"":""https://hrsf128hotelphotos.s3-us-west-2.amazonaws.com/image0615.jpg"",""image_description"":""Sequi saepe eos velit dignissimos.""},{""image_id"":6,""image_url"":""https://hrsf128hotelphotos.s3-us-west-2.amazonaws.com/image0437.jpg"",""image_description"":""Laboriosam quod accusantium rerum voluptate.""},{""image_id"":7,""image_url"":""https://hrsf128hotelphotos.s3-us-west-2.amazonaws.com/image0856.jpg"",""image_description"":""Nostrum non omnis et inventore.""}]","[{""list_id"":9,""list_name"":""sticky incentivize convergence"",""saved"":true}]"
10,10,Repudiandae odio aliquam ea.,Lake Willaport,MI,"[{""image_id"":1,""image_url"":""https://hrsf128hotelphotos.s3-us-west-2.amazonaws.com/image0873.jpg"",""image_description"":""Tempore eum est earum non.""},{""image_id"":2,""image_url"":""https://hrsf128hotelphotos.s3-us-west-2.amazonaws.com/image0773.jpg"",""image_description"":""Id provident aliquid fuga assumenda.""},{""image_id"":3,""image_url"":""https://hrsf128hotelphotos.s3-us-west-2.amazonaws.com/image0173.jpg"",""image_description"":""Nemo tempore et voluptatem laborum.""},{""image_id"":4,""image_url"":""https://hrsf128hotelphotos.s3-us-west-2.amazonaws.com/image0786.jpg"",""image_description"":""Vel suscipit debitis molestias voluptas.""},{""image_id"":5,""image_url"":""https://hrsf128hotelphotos.s3-us-west-2.amazonaws.com/image0512.jpg"",""image_description"":""Quaerat maiores laudantium expedita exercitationem.""},{""image_id"":6,""image_url"":""https://hrsf128hotelphotos.s3-us-west-2.amazonaws.com/image0412.jpg"",""image_description"":""Beatae minima ea magni molestiae.""},{""image_id"":7,""image_url"":""https://hrsf128hotelphotos.s3-us-west-2.amazonaws.com/image0106.jpg"",""image_description"":""Minus iure amet aliquid et.""},{""image_id"":8,""image_url"":""https://hrsf128hotelphotos.s3-us-west-2.amazonaws.com/image0408.jpg"",""image_description"":""Hic numquam error consequuntur qui.""}]","[{""list_id"":10,""list_name"":""collaborative synthesize channels"",""saved"":false}]"
